name,email,telephone,message
test,Verma@test.co,+8855555,jiadsfa
,name,email,telephone,message
0,test,Verma@test.co,+8855555,jiadsfa
,name,email,telephone,message
0,test,Verma@test.co,+8855555,jiadsfa
name,email,telephone,message,id
test,Verma@test.co,+8855555,jiadsfa,1
name,email,telephone,message,id
test,Verma@test.co,+8855555,jiadsfa,1
name,email,telephone,message,id
test,Verma@test.co,+8855555,jiadsfa,1
name,email,telephone,message
test,Verma@test.co,+8855555,jiadsfa
name,email,telephone,message,datetime,dates
asfa,sadf@dsf.co,as65,sdfasdf,2022-03-31 16:42:38.628380,2022-03-31 16:42:38.628380
name,email,telephone,message,datetime,dates
Aman,sdfk@asadjfl.co,asdkj,skdlaksdfnka,2022-03-31 16:45:33.969243,2022-03-31 16:45:33.969243
name,email,telephone,message,datetime
asdfasdf,afdasf@asdaf.co,adsf,sdfasf,2022-03-31 16:46:10.611191
name,email,telephone,message,datetime
Aman,asdfa@asdf.com,asfadsf,asfasfasdf,220331
name,email,telephone,message,datetime
Aman,sadf@asdf.com,sdf,sdfdsfasd,31/03/22
name,email,telephone,message,datetime
another,test@gmail.com,+87898798,asdfasda,31/03/22
name,email,telephone,message,datetime
test,test@av.co,+9853536876,hi this is test msg,08/04/22
